{
  "version": "tts-baseline-v1",
  "created_at": "2026-06-04T16:14:53.000083+00:00",
  "type": "softmax_regression_triclass",
  "classes": [
    -1,
    0,
    1
  ],
  "feature_names": [
    "anger_hits",
    "duration",
    "exclaim",
    "f0_est",
    "neg_hits",
    "pause_ratio",
    "peak",
    "pitch_std",
    "pos_hits",
    "rms",
    "speaking_rate",
    "speech_rate_proxy",
    "text_len",
    "zcr"
  ],
  "means": [
    0.7222222222222222,
    2.7410946180555555,
    0.3472222222222222,
    242.63848213209042,
    0.4583333333333333,
    0.4883661569793945,
    0.5197711520724826,
    0.0,
    0.3333333333333333,
    0.04684249836905016,
    0.0,
    3.6232007914441033,
    9.541666666666666,
    0.13017906214194522
  ],
  "stds": [
    1.0304020550550783,
    0.8033966378195995,
    0.6489247992346482,
    72.9431287547569,
    0.7252872993970504,
    0.09442757554022765,
    0.21625474213938292,
    1.0,
    0.4714045207910317,
    0.017123612103663262,
    1.0,
    0.7838929415296586,
    2.0945531212594677,
    0.0309099618384647
  ],
  "weights": [
    [
      0.885212580534832,
      -0.8209987764937386,
      -0.19845050834350253,
      0.09523026309654566,
      0.2607845628358873,
      -0.4359445231453518,
      0.322297238116064,
      0.0,
      -0.402024809365056,
      0.4134735098198916,
      0.0,
      1.0668769151619946,
      -0.28815337411140857,
      0.07559984805104362
    ],
    [
      -0.6010641140015051,
      0.22185322982951186,
      0.13861555837815087,
      0.060354963026344674,
      -0.05532113621833045,
      0.46023604050578615,
      -0.40494608068215,
      0.0,
      -1.1391217597440704,
      -0.4670748422848945,
      0.0,
      -0.9199564252110755,
      -0.3347584014265584,
      -0.3826621018533653
    ],
    [
      -0.2841484665333257,
      0.5991455466642284,
      0.059834949965351714,
      -0.15558522612289044,
      -0.20546342661755726,
      -0.024291517360434976,
      0.08264884256608568,
      0.0,
      1.5411465691091262,
      0.05360133246500301,
      0.0,
      -0.14692048995091847,
      0.6229117755379666,
      0.30706225380232127
    ]
  ],
  "biases": [
    -0.09068403496440991,
    0.2977023911843647,
    -0.20701835621995487
  ],
  "metrics": {
    "samples": 90,
    "train_samples": 72,
    "test_samples": 18,
    "class_counts": {
      "-1": 30,
      "1": 30,
      "0": 30
    },
    "train_accuracy": 1.0,
    "test_accuracy": 0.9444444444444444,
    "train_confusion_matrix": {
      "-1": {
        "-1": 24,
        "0": 0,
        "1": 0
      },
      "0": {
        "-1": 0,
        "0": 24,
        "1": 0
      },
      "1": {
        "-1": 0,
        "0": 0,
        "1": 24
      }
    },
    "test_confusion_matrix": {
      "-1": {
        "-1": 5,
        "0": 1,
        "1": 0
      },
      "0": {
        "-1": 0,
        "0": 6,
        "1": 0
      },
      "1": {
        "-1": 0,
        "0": 0,
        "1": 6
      }
    }
  },
  "training": {
    "test_ratio": 0.2,
    "selected_ids": [
      "synthetic:wav/bad_0000.wav",
      "synthetic:wav/bad_0001.wav",
      "synthetic:wav/bad_0002.wav",
      "synthetic:wav/bad_0003.wav",
      "synthetic:wav/bad_0004.wav",
      "synthetic:wav/bad_0005.wav",
      "synthetic:wav/bad_0006.wav",
      "synthetic:wav/bad_0007.wav",
      "synthetic:wav/bad_0008.wav",
      "synthetic:wav/bad_0009.wav",
      "synthetic:wav/bad_0010.wav",
      "synthetic:wav/bad_0011.wav",
      "synthetic:wav/bad_0012.wav",
      "synthetic:wav/bad_0013.wav",
      "synthetic:wav/bad_0014.wav",
      "synthetic:wav/bad_0015.wav",
      "synthetic:wav/bad_0016.wav",
      "synthetic:wav/bad_0017.wav",
      "synthetic:wav/bad_0018.wav",
      "synthetic:wav/bad_0019.wav",
      "synthetic:wav/bad_0020.wav",
      "synthetic:wav/bad_0021.wav",
      "synthetic:wav/bad_0022.wav",
      "synthetic:wav/bad_0023.wav",
      "synthetic:wav/bad_0024.wav",
      "synthetic:wav/bad_0025.wav",
      "synthetic:wav/bad_0026.wav",
      "synthetic:wav/bad_0027.wav",
      "synthetic:wav/bad_0028.wav",
      "synthetic:wav/bad_0029.wav",
      "synthetic:wav/good_0000.wav",
      "synthetic:wav/good_0001.wav",
      "synthetic:wav/good_0002.wav",
      "synthetic:wav/good_0003.wav",
      "synthetic:wav/good_0004.wav",
      "synthetic:wav/good_0005.wav",
      "synthetic:wav/good_0006.wav",
      "synthetic:wav/good_0007.wav",
      "synthetic:wav/good_0008.wav",
      "synthetic:wav/good_0009.wav",
      "synthetic:wav/good_0010.wav",
      "synthetic:wav/good_0011.wav",
      "synthetic:wav/good_0012.wav",
      "synthetic:wav/good_0013.wav",
      "synthetic:wav/good_0014.wav",
      "synthetic:wav/good_0015.wav",
      "synthetic:wav/good_0016.wav",
      "synthetic:wav/good_0017.wav",
      "synthetic:wav/good_0018.wav",
      "synthetic:wav/good_0019.wav",
      "synthetic:wav/good_0020.wav",
      "synthetic:wav/good_0021.wav",
      "synthetic:wav/good_0022.wav",
      "synthetic:wav/good_0023.wav",
      "synthetic:wav/good_0024.wav",
      "synthetic:wav/good_0025.wav",
      "synthetic:wav/good_0026.wav",
      "synthetic:wav/good_0027.wav",
      "synthetic:wav/good_0028.wav",
      "synthetic:wav/good_0029.wav",
      "synthetic:wav/neutral_0000.wav",
      "synthetic:wav/neutral_0001.wav",
      "synthetic:wav/neutral_0002.wav",
      "synthetic:wav/neutral_0003.wav",
      "synthetic:wav/neutral_0004.wav",
      "synthetic:wav/neutral_0005.wav",
      "synthetic:wav/neutral_0006.wav",
      "synthetic:wav/neutral_0007.wav",
      "synthetic:wav/neutral_0008.wav",
      "synthetic:wav/neutral_0009.wav",
      "synthetic:wav/neutral_0010.wav",
      "synthetic:wav/neutral_0011.wav",
      "synthetic:wav/neutral_0012.wav",
      "synthetic:wav/neutral_0013.wav",
      "synthetic:wav/neutral_0014.wav",
      "synthetic:wav/neutral_0015.wav",
      "synthetic:wav/neutral_0016.wav",
      "synthetic:wav/neutral_0017.wav",
      "synthetic:wav/neutral_0018.wav",
      "synthetic:wav/neutral_0019.wav",
      "synthetic:wav/neutral_0020.wav",
      "synthetic:wav/neutral_0021.wav",
      "synthetic:wav/neutral_0022.wav",
      "synthetic:wav/neutral_0023.wav",
      "synthetic:wav/neutral_0024.wav",
      "synthetic:wav/neutral_0025.wav",
      "synthetic:wav/neutral_0026.wav",
      "synthetic:wav/neutral_0027.wav",
      "synthetic:wav/neutral_0028.wav",
      "synthetic:wav/neutral_0029.wav"
    ],