{
  "version": "1.0",
  "type": "logistic_regression_multimodal",
  "feature_names": [
    "anger_hits",
    "duration",
    "exclaim",
    "f0_est",
    "neg_hits",
    "peak",
    "pos_hits",
    "rms",
    "speech_rate_proxy",
    "text_len",
    "zcr"
  ],
  "means": [
    0.8125,
    1.9254186197916665,
    0.46875,
    252.7388353622579,
    0.6666666666666666,
    0.5411357879638672,
    0.5,
    0.3338198220971213,
    5.572916666666664,
    10.03125,
    0.03329493703845703
  ],
  "stds": [
    0.9049919428738946,
    0.6759950583084203,
    0.7631230378080152,
    75.88540892737542,
    0.8620067027323832,
    0.24729268514748046,
    0.5,
    0.14849766644022044,
    1.1632808149249378,
    2.0939054668648884,
    0.01165137104221821
  ],
  "weights": [
    0.3937165856732891,
    -0.6446876578849412,
    0.12062719067888081,
    0.6833310072074908,
    0.27378893159268997,
    0.5821202958637811,
    -0.8954082340865624,
    0.5724176674264801,
    -0.4824829473594666,
    -0.4824829473594668,
    0.7005109317706599
  ],
  "bias": 0.08459491653846822,
  "metrics": {
    "train_accuracy": 1.0,
    "train_mae": 0.15375183111472793,
    "val_accuracy": 1.0,
    "val_mae": 0.20762451286105632,
    "samples": 120
  }
}